"","seriesId","seriesTitle","seriesAvgRating","totalVotes","avgVotes","avgEpPerSeason","genres","baseGenre"
"1","tt3581920","The Last of Us",8.6,857698,85770,5,"Action,Adventure,Drama","Action"
"2","tt0944947","Game of Thrones",8.74,4709925,63648,9.2,"Action,Adventure,Drama","Action"
"3","tt11198330","House of the Dragon",8.3,901924,50107,9,"Action,Adventure,Drama","Action"
"4","tt2085059","Black Mirror",7.63,1492745,45235,4.7,"Crime,Drama,Mystery","Crime"
"5","tt0903747","Breaking Bad",8.96,2561465,41314,12.4,"Crime,Drama,Thriller","Crime"
"6","tt2560140","Attack on Titan",9.09,3348216,37620,22.2,"Action,Adventure,Animation","Action"
"7","tt11126994","Arcane",9.18,626693,34816,9,"Action,Adventure,Animation","Action"
"8","tt7631058","The Lord of the Rings: The Rings of Power",7.22,535223,33451,8,"Action,Adventure,Drama","Action"
"9","tt1475582","Sherlock",8.66,453954,30264,3.5,"Crime,Drama,Mystery","Crime"
"10","tt8111088","The Mandalorian",8.34,647387,26974,8,"Action,Adventure,Fantasy","Action"
"11","tt4574334","Stranger Things",8.58,866568,25487,8.5,"Drama,Fantasy,Horror","Drama"
"12","tt9140554","Loki",8.47,287105,23925,6,"Action,Adventure,Fantasy","Action"
"13","tt3032476","Better Call Saul",8.8,1314617,20867,10.5,"Crime,Drama","Crime"
"14","tt1190634","The Boys",8.43,637566,19924,8,"Action,Comedy,Crime","Action"
"15","tt12262202","The Acolyte",5.08,152834,19104,8,"Action,Adventure,Drama","Action"
"16","tt6741278","Invincible",8.6,406676,16945,8,"Action,Adventure,Animation","Action"
"17","tt10919420","Squid Game",7.81,268061,16754,8,"Action,Drama,Mystery","Action"
"18","tt13622776","Ahsoka",8,133192,16649,8,"Action,Adventure,Drama","Action"
"19","tt2356777","True Detective",8.03,493991,16466,7.5,"Crime,Drama,Mystery","Crime"
"20","tt9561862","Love, Death & Robots",7.26,566377,16182,11.7,"Action,Adventure,Animation","Action"
"21","tt5753856","Dark",8.89,396545,15252,8.7,"Crime,Drama,Mystery","Crime"
"22","tt9253284","Andor",8.27,179900,14992,12,"Action,Adventure,Drama","Action"
"23","tt14650074","Dhindora",9.09,112115,14014,8,"Comedy,Drama","Comedy"
"24","tt11737520","One Piece",8.41,112074,14009,8,"Action,Adventure,Comedy","Action"
"25","tt11280740","Severance",8.37,265153,13955,9.5,"Drama,Mystery,Sci-Fi","Drama"
"26","tt5180504","The Witcher",7.34,332329,13847,8,"Action,Adventure,Drama","Action"
"27","tt2861424","Rick and Morty",8.21,979836,13801,10.1,"Adventure,Animation,Comedy","Adventure"
"28","tt12637874","Fallout",8.26,109409,13676,8,"Action,Adventure,Drama","Action"
"29","tt1520211","The Walking Dead",7.92,2352953,13294,16.1,"Drama,Horror,Thriller","Horror"
"30","tt0475784","Westworld",8.33,445364,12371,9,"Drama,Mystery,Sci-Fi","Drama"
"31","tt8415836","Guillermo del Toro's Cabinet of Curiosities",6.53,93202,11650,8,"Drama,Horror,Mystery","Horror"
"32","tt4158110","Mr. Robot",8.89,521332,11585,11.2,"Crime,Drama,Thriller","Crime"
"33","tt3322312","Daredevil",8.85,441675,11325,13,"Action,Crime,Drama","Action"
"34","tt2788316","Shōgun",8.68,112692,11269,10,"Action,Adventure,Drama","Action"
"35","tt7660850","Succession",8.74,434058,11130,9.8,"Comedy,Drama","Comedy"
"36","tt33503491","When the Phone Rings",6.42,133242,11104,12,"Drama,Mystery,Romance","Drama"
"37","tt2442560","Peaky Blinders",8.6,380107,10559,6,"Crime,Drama","Crime"
"38","tt18923754","Daredevil: Born Again",8.54,93561,10396,9,"Action,Crime,Drama","Action"
"39","tt14986406","Bleach: Thousand-Year Blood War",9.08,398046,9951,13.3,"Action,Adventure,Animation","Action"
"40","tt21209876","Solo Leveling",8.81,247909,9916,12.5,"Action,Adventure,Animation","Action"
"41","tt13443470","Wednesday",8.03,77620,9702,8,"Comedy,Crime,Fantasy","Comedy"
"42","tt10168312","What If...?",7.09,238854,9187,8.7,"Action,Adventure,Animation","Action"
"43","tt0141842","The Sopranos",8.61,767853,8929,14.3,"Crime,Drama","Crime"
"44","tt14452776","The Bear",8.29,246237,8794,9.3,"Comedy,Drama","Comedy"
"45","tt22727518","Another Love",9.3,139997,8750,16,"Drama,Romance","Drama"
"46","tt10986410","Ted Lasso",8.32,294057,8649,11.3,"Comedy,Drama,Sport","Comedy"
"47","tt1751634","The Sandman",7.95,90936,8267,11,"Drama,Fantasy,Horror","Drama"
"48","tt8772296","Euphoria",8.44,131390,8212,8,"Drama","Drama"
"49","tt13146488","Peacemaker",8.47,64466,8058,8,"Action,Adventure,Comedy","Action"
"50","tt0436992","Doctor Who",7.64,1294988,7896,12.6,"Adventure,Drama,Sci-Fi","Adventure"
"51","tt0773262","Dexter",8.45,753770,7852,12,"Crime,Drama,Mystery","Crime"
"52","tt7657124","The Heroes",8.77,227535,7584,4.3,"Animation,Drama,History","Animation"
"53","tt6468322","Money Heist",7.98,308812,7532,8.2,"Action,Crime,Drama","Action"
"54","tt2243973","Hannibal",8.65,288587,7400,13,"Crime,Drama,Horror","Crime"
"55","tt12343534","Jujutsu Kaisen",8.71,345404,7349,23.5,"Action,Adventure,Animation","Action"
"56","tt12411074","Paranormal",8.38,43827,7304,6,"Drama,Fantasy,Horror","Drama"
"57","tt5675620","The Punisher",8.5,185238,7125,13,"Action,Crime,Drama","Action"
"58","tt0411008","Lost",8.48,859770,7106,20.2,"Adventure,Drama,Fantasy","Adventure"
"59","tt2802850","Fargo",8.32,359550,7050,10.2,"Crime,Drama,Thriller","Crime"
"60","tt13159924","Gen V",7.9,55531,6941,8,"Action,Adventure,Comedy","Action"
"61","tt5290382","Mindhunter",8.35,129257,6803,9.5,"Crime,Drama,Mystery","Crime"
"62","tt12439466","Love Is in the Air",8.9,347472,6682,26,"Comedy,Romance","Comedy"
"63","tt0417299","Avatar: The Last Airbender",8.59,410941,6628,20.7,"Action,Adventure,Animation","Action"
"64","tt0386676","The Office",8.06,1237244,6581,20.9,"Comedy","Comedy"
"65","tt31433814","Doctor Who",6.9,72347,6577,5,"Adventure,Drama,Sci-Fi","Adventure"
"66","tt7462410","The Wheel of Time",8.09,155955,6498,8,"Action,Adventure,Drama","Action"
"67","tt2699128","The Leftovers",8.71,179015,6393,9.3,"Drama,Fantasy,Mystery","Drama"
"68","tt13016388","3 Body Problem",7.64,50785,6348,8,"Adventure,Drama,Fantasy","Adventure"
"69","tt15074312","Maigret",7.15,25196,6299,2,"Crime,Drama,Mystery","Crime"
"70","tt11007006","Azize",9.12,37102,6184,6,"Drama","Drama"
"71","tt13315156","First Kill",7.91,49446,6181,8,"Drama,Horror,Mystery","Horror"
"72","tt3398228","BoJack Horseman",8.41,475264,6172,12.8,"Animation,Comedy,Drama","Animation"
"73","tt9335498","Demon Slayer: Kimetsu no Yaiba",8.39,381456,6055,15.8,"Action,Adventure,Animation","Action"
"74","tt0098936","Twin Peaks",8.22,179772,5992,15,"Crime,Drama,Mystery","Crime"
"75","tt9471962","Halka",9.2,112662,5930,19,"Action,Crime,Drama","Action"
"76","tt30263074","Sapne Vs Everyone",9.54,29481,5896,5,"Drama","Drama"
"77","tt14688458","Silo",7.79,117460,5873,10,"Drama,Mystery,Sci-Fi","Drama"
"78","tt13406094","The White Lotus",7.79,122927,5854,7,"Comedy,Drama","Comedy"
"79","tt2707408","Narcos",8.65,174314,5810,10,"Biography,Crime,Drama","Biography"
"80","tt12327578","Star Trek: Strange New Worlds",7.92,114525,5726,10,"Action,Adventure,Sci-Fi","Action"
"81","tt26693803","King the Land",6.46,91366,5710,16,"Comedy,Drama,Romance","Comedy"
"82","tt0108778","Friends",8.29,1339362,5699,23.5,"Comedy,Romance","Comedy"
"83","tt0877057","Death Note",8.15,209894,5673,37,"Animation,Crime,Drama","Animation"
"84","tt4093826","Twin Peaks",8.54,101580,5643,18,"Crime,Drama,Horror","Crime"
"85","tt5071412","Ozark",8.28,244309,5552,11,"Crime,Drama,Thriller","Crime"
"86","tt5348176","Barry",8.53,177426,5545,8,"Action,Comedy,Crime","Action"
"87","tt2306299","Vikings",8.02,492057,5529,14.8,"Action,Adventure,Drama","Action"
"88","tt16026746","X-Men '97",8.66,54798,5480,10,"Action,Adventure,Animation","Action"
"89","tt7621364","Black Pearl",9.1,109526,5476,20,"Drama","Drama"
"90","tt0303461","Firefly",8.67,75545,5396,14,"Adventure,Drama,Sci-Fi","Adventure"
"91","tt5768632","Love Doesn't Understand Words",8.98,166753,5379,31,"Comedy,Romance","Comedy"
"92","tt4912412","Girls of the Sun",9,208892,5356,39,"Drama,Romance","Drama"
"93","tt5687612","Fleabag",8.4,64165,5347,6,"Comedy,Drama","Comedy"
"94","tt0306414","The Wire",8.58,319353,5323,12,"Crime,Drama,Thriller","Crime"
"95","tt4052886","Lucifer",8.4,493891,5311,15.5,"Crime,Drama,Fantasy","Crime"
"96","tt9288030","Reacher",8.07,126829,5285,8,"Action,Crime,Drama","Action"
"97","tt9059350","Warrior Nun",7.94,94318,5240,9,"Action,Drama,Fantasy","Action"
"98","tt1869454","Good Omens",8.05,62553,5213,6,"Comedy,Drama,Fantasy","Comedy"
"99","tt28228754","If You Love",9.38,67467,5190,13,"Drama,Romance","Drama"
"100","tt9018736","Avatar: The Last Airbender",7.47,41133,5142,8,"Action,Adventure,Comedy","Action"
"101","tt9319668","1899",7.98,40906,5113,8,"Drama,Horror,Mystery","Horror"
"102","tt6384676","Heart of the City",9.8,100687,5034,20,"Drama,Romance","Drama"
"103","tt7767422","Sex Education",7.92,160745,5023,8,"Comedy,Drama,Romance","Comedy"
"104","tt28267514","Thank You, Next",7.96,40180,5022,8,"Comedy,Drama,Romance","Comedy"
"105","tt10233448","Vinland Saga",8.81,240667,5014,24,"Action,Adventure,Animation","Action"
"106","tt8806524","Star Trek: Picard",7.65,150017,5001,10,"Action,Adventure,Drama","Action"
"107","tt0460681","Supernatural",8.33,1633745,4996,21.8,"Drama,Fantasy,Horror","Drama"
"108","tt2934286","Halo",7.42,84928,4996,8.5,"Action,Adventure,Sci-Fi","Action"
"109","tt3920596","Big Little Lies",8.36,69420,4959,7,"Crime,Drama,Mystery","Crime"
"110","tt8063174","Immortals",7.44,39599,4950,8,"Drama,Fantasy,Romance","Drama"
"111","tt4312318","Matter of Respect",9.77,128657,4948,26,"Drama,Romance","Drama"
"112","tt30217403","Dandadan",8.24,59157,4930,12,"Action,Adventure,Animation","Action"
"113","tt10466872","Dune: Prophecy",7.68,29493,4916,6,"Action,Adventure,Drama","Action"
"114","tt0455275","Prison Break",8.33,435055,4834,18,"Action,Crime,Drama","Action"
"115","tt3647998","Taboo",8.46,38391,4799,8,"Drama,Mystery,Thriller","Thriller"
"116","tt1856010","House of Cards",7.98,350277,4798,12.2,"Drama","Drama"
"117","tt1439629","Community",8.18,527445,4795,18.3,"Comedy","Comedy"
"118","tt9861270","Çilgin Dersane at the University",9.1,23655,4731,5,"Comedy","Comedy"
"119","tt7493974","Bodyguard",8.28,28089,4682,6,"Crime,Drama,Thriller","Crime"
"120","tt28227737","Sandeep Bhaiya",9.34,23308,4662,5,"Drama","Drama"
"121","tt16913068","Shahmaran",7.42,65120,4651,7,"Adventure,Drama,Fantasy","Adventure"
"122","tt5152226","Tree of Life",9.1,60335,4641,13,"Drama","Drama"
"123","tt13616990","Chainsaw Man",8.52,55343,4612,12,"Action,Animation,Comedy","Action"
"124","tt9813792","From",7.42,137608,4587,10,"Drama,Horror,Mystery","Horror"
"125","tt0458290","Star Wars: The Clone Wars",7.79,607573,4568,19,"Action,Adventure,Animation","Action"
"126","tt4786824","The Crown",8.27,266354,4439,10,"Biography,Drama,History","Biography"
"127","tt0460649","How I Met Your Mother",8.01,921950,4432,23.1,"Comedy,Drama,Romance","Comedy"
"128","tt1312171","The Umbrella Academy",7.68,158748,4410,9,"Action,Adventure,Comedy","Action"
"129","tt32252772","Dexter: Original Sin",8.43,43873,4387,10,"Crime,Drama,Mystery","Crime"
"130","tt0098904","Seinfeld",8.26,754058,4384,19.1,"Comedy","Comedy"
"131","tt13207736","Monsters",7.85,82830,4359,9.5,"Biography,Crime,Drama","Biography"
"132","tt33204697","Secret Level",6.81,65350,4357,15,"Action,Adventure,Animation","Action"
"133","tt2661044","The 100",7.98,428363,4284,14.3,"Action,Drama,Sci-Fi","Action"
"134","tt0060028","Star Trek",7.34,341265,4266,26.7,"Action,Adventure,Drama","Action"
"135","tt7221388","Cobra Kai",8.31,276204,4249,10.8,"Action,Comedy,Drama","Action"
"136","tt29485149","Dragon Ball Daima",8.07,84867,4243,20,"Action,Adventure,Animation","Action"
"137","tt7335184","You",7.82,169348,4234,10,"Crime,Drama,Romance","Crime"
"138","tt2431438","Sense8",8.57,100162,4173,12,"Drama,Mystery,Sci-Fi","Drama"
"139","tt8550800","The Outsider",7.98,41721,4172,10,"Crime,Drama,Horror","Crime"
"140","tt20600980","Skeleton Crew",7.55,33356,4170,8,"Action,Adventure,Sci-Fi","Action"
"141","tt1865718","Gravity Falls",8.54,170351,4155,20.5,"Adventure,Animation,Comedy","Adventure"
"142","tt14403178","Beef",7.98,41516,4152,10,"Comedy,Drama","Comedy"
"143","tt1844624","American Horror Story",7.45,537214,4070,11,"Drama,Horror,Sci-Fi","Horror"
"144","tt2261227","Altered Carbon",7.46,73092,4061,9,"Action,Adventure,Drama","Action"
"145","tt2193021","Arrow",8.16,688524,4050,21.2,"Action,Adventure,Crime","Action"
"146","tt6257970","The End of the F***ing World",8.07,63514,3970,8,"Adventure,Comedy,Crime","Adventure"
"147","tt1839578","Person of Interest",8.79,408729,3968,20.6,"Action,Crime,Drama","Action"
"148","tt0448190","Masters of Horror",6.07,102479,3942,13,"Horror","Horror"
"149","tt2357547","Jessica Jones",7.89,152157,3901,13,"Action,Crime,Drama","Action"
"150","tt0092455","Star Trek: The Next Generation",7.32,683452,3883,25.1,"Action,Adventure,Drama","Action"
"151","tt5691552","The Orville",7.99,139461,3874,12,"Adventure,Comedy,Drama","Adventure"
"152","tt0898266","The Big Bang Theory",7.77,1072334,3843,23.2,"Comedy,Romance","Comedy"
"153","tt11691774","Only Murders in the Building",7.94,153671,3842,10,"Comedy,Crime,Drama","Comedy"
"154","tt13309742","Blue Eye Samurai",8.68,30464,3808,8,"Action,Adventure,Animation","Action"
"155","tt5171438","Star Trek: Discovery",6.8,245921,3783,13,"Action,Adventure,Drama","Action"
"156","tt0213338","Cowboy Bebop",8.22,98025,3770,26,"Action,Adventure,Animation","Action"
"157","tt1837492","13 Reasons Why",7.22,184653,3768,12.2,"Drama,Mystery,Thriller","Thriller"
"158","tt0118276","Buffy the Vampire Slayer",7.99,546107,3766,20.7,"Action,Adventure,Drama","Action"
"159","tt5834204","The Handmaid's Tale",8.1,224337,3739,10,"Drama,Sci-Fi,Thriller","Thriller"
"160","tt0412142","House",8.37,653716,3714,22,"Drama,Mystery","Drama"
"161","tt4179452","The Last Kingdom",8.68,170687,3711,9.2,"Action,Drama,History","Action"
"162","tt1442449","Spartacus",8.55,122212,3703,11,"Action,Adventure,Biography","Action"
"163","tt24053860","The Day of the Jackal",8.07,36953,3695,10,"Action,Crime,Drama","Action"
"164","tt12324366","Percy Jackson and the Olympians",7.42,29320,3665,8,"Action,Adventure,Family","Action"
"165","tt3107288","The Flash",7.57,670880,3646,20.4,"Action,Adventure,Drama","Action"
"166","tt12708542","Star Wars: The Bad Batch",7.88,170325,3624,15.7,"Action,Adventure,Animation","Action"
"167","tt13622982","Star Wars: Visions",7.02,65167,3620,9,"Action,Adventure,Animation","Action"
"168","tt2467372","Brooklyn Nine-Nine",8,553228,3616,19.1,"Comedy,Crime","Comedy"
"169","tt14392248","Aspirants",8.85,36145,3614,5,"Drama","Drama"
"170","tt10841904","Same Thing",8.26,157938,3590,7.3,"Comedy,Romance","Comedy"
"171","tt3230854","The Expanse",8.35,221594,3574,10.3,"Drama,Mystery,Sci-Fi","Drama"
"172","tt0472954","It's Always Sunny in Philadelphia",8.36,590202,3492,10.6,"Comedy","Comedy"
"173","tt7016936","Killing Eve",7.72,111729,3492,8,"Action,Adventure,Drama","Action"
"174","tt8740790","Bridgerton",7.9,83405,3475,8,"Drama,Romance","Drama"
"175","tt13210838","The Gentlemen",7.97,27684,3460,8,"Action,Comedy,Crime","Action"
"176","tt4508902","One Punch Man",8.34,95364,3406,13.5,"Action,Animation,Comedy","Action"
"177","tt0804484","Foundation",7.68,67765,3388,10,"Drama,Sci-Fi","Drama"
"178","tt5711280","Electric Dreams",7.02,33865,3386,10,"Drama,Sci-Fi","Drama"
"179","tt14269590","Poker Face",7.98,33558,3356,10,"Comedy,Crime,Drama","Comedy"
"180","tt0121955","South Park",7.98,1073299,3333,12.4,"Animation,Comedy","Animation"
"181","tt3743822","Fear the Walking Dead",6.97,375440,3322,14.1,"Drama,Horror,Sci-Fi","Horror"
"182","tt1124373","Sons of Anarchy",8.51,301808,3281,13.1,"Crime,Drama,Thriller","Crime"
"183","tt0052520","The Twilight Zone",7.45,508847,3262,31.2,"Drama,Fantasy,Horror","Drama"
"184","tt4236770","Yellowstone",8.11,171706,3240,10.6,"Drama,Western","Western"
"185","tt2364582","Agents of S.H.I.E.L.D.",8.32,439839,3234,19.4,"Action,Adventure,Drama","Action"
"186","tt2403776","Shadow and Bone",7.81,51029,3189,8,"Action,Adventure,Drama","Action"
"187","tt4955642","The Good Place",8.09,159333,3187,12.5,"Comedy,Drama,Fantasy","Comedy"
"188","tt8291284","The Peripheral",7.66,25323,3165,8,"Drama,Mystery,Sci-Fi","Drama"
"189","tt1710308","Regular Show",8.44,770285,3157,30.5,"Action,Adventure,Animation","Action"
"190","tt3322310","Iron Fist",7.41,72463,3151,11.5,"Action,Adventure,Crime","Action"
"191","tt1466074","Columbo",7.54,134722,3133,6.1,"Crime,Drama,Mystery","Crime"
"192","tt4288182","Atlanta",8.39,127984,3122,10.2,"Comedy,Drama,Music","Comedy"
"193","tt3006802","Outlander",8.43,283054,3110,13,"Adventure,Drama,Fantasy","Adventure"
"194","tt10278918","Willow",6.84,24867,3108,8,"Action,Adventure,Drama","Action"
"195","tt8398600","After Life",8.06,55547,3086,6,"Comedy,Drama","Comedy"
"196","tt11000902","Our Flag Means Death",8.27,55425,3079,9,"Action,Adventure,Biography","Action"
"197","tt0804503","Mad Men",8.42,282419,3070,13.1,"Drama","Drama"
"198","tt3322314","Luke Cage",7.71,79658,3064,13,"Action,Crime,Drama","Action"
"199","tt1796960","Homeland",8.2,291255,3034,12,"Crime,Drama,Mystery","Crime"
"200","tt3749900","Gotham",8.2,301741,3017,20,"Action,Crime,Drama","Action"
"201","tt1399664","The Night Manager",8.1,17937,2990,6,"Crime,Drama,Mystery","Crime"
"202","tt9544034","The Family Man",8.64,56500,2974,9.5,"Action,Comedy,Drama","Action"
"203","tt8543390","Modern Love",7.22,47386,2962,8,"Comedy,Drama,Romance","Comedy"
"204","tt2017109","Banshee",8.56,111477,2934,9.5,"Action,Crime,Drama","Action"
"205","tt9170108","Raised by Wolves",7.69,52719,2929,9,"Drama,Fantasy,Sci-Fi","Drama"
"206","tt26545355","Creature Commandos",8.09,20484,2926,7,"Action,Adventure,Animation","Action"
"207","tt1695360","The Legend of Korra",8.39,150109,2887,13,"Action,Adventure,Animation","Action"
"208","tt6905686","Lovecraft Country",7.65,28727,2873,10,"Drama,Fantasy,Horror","Drama"
"209","tt1474684","Luther",8.28,57270,2864,4,"Crime,Drama,Mystery","Crime"
"210","tt4635282","The OA",8.32,45819,2864,8,"Drama,Fantasy,Mystery","Drama"
"211","tt5114356","Legion",8.39,76805,2845,9,"Action,Drama,Sci-Fi","Action"
"212","tt17220216","Monarch: Legacy of Monsters",7.01,28428,2843,10,"Action,Adventure,Sci-Fi","Action"
"213","tt3475734","Agent Carter",7.99,50860,2826,9,"Action,Adventure,Crime","Action"
"214","tt2930604","Star Wars: Rebels",7.92,206105,2823,18.2,"Action,Adventure,Animation","Action"
"215","tt1632701","Suits",8.35,375062,2799,14.9,"Comedy,Drama","Comedy"
"216","tt5607976","His Dark Materials",7.97,62150,2702,7.7,"Adventure,Drama,Fantasy","Adventure"
"217","tt1641384","Young Justice",8.82,264063,2695,24.5,"Action,Adventure,Animation","Action"
"218","tt0112159","Neon Genesis Evangelion",8.1,69942,2690,26,"Action,Animation,Drama","Action"
"219","tt19231492","Dark Matter",7.98,24205,2689,9,"Drama,Sci-Fi,Thriller","Thriller"
"220","tt0487831","The IT Crowd",8.1,67124,2685,4.8,"Comedy","Comedy"
"221","tt2628232","Penny Dreadful",8.31,71865,2662,9,"Drama,Fantasy,Horror","Drama"
"222","tt1266020","Parks and Recreation",8.06,329823,2660,17.7,"Comedy","Comedy"
"223","tt7949218","See",7.77,63153,2631,8,"Action,Drama,Sci-Fi","Action"
"224","tt17677860","Presumed Innocent",7.79,20949,2619,8,"Crime,Drama,Mystery","Crime"
"225","tt13623148","I Am Groot",6.78,25812,2581,5,"Action,Adventure,Animation","Action"
"226","tt2583620","The Twilight Zone",6.09,51366,2568,10,"Drama,Fantasy,Horror","Drama"
"227","tt0384766","Rome",8.38,55949,2543,11,"Action,Drama,Romance","Action"
"228","tt7203552","The Morning Show",7.78,76255,2542,10,"Drama","Drama"
"229","tt4189022","Ash vs Evil Dead",8.34,75816,2527,10,"Action,Comedy,Horror","Action"
"230","tt2788432","American Crime Story",8.18,72661,2506,9.7,"Biography,Crime,Drama","Biography"
"231","tt0248654","Six Feet Under",8.37,156995,2492,12.6,"Comedy,Drama","Comedy"
"232","tt1043813","Titans",7.52,120736,2464,12.2,"Action,Adventure,Crime","Action"
"233","tt12920838","The Frog",7.51,36922,2461,15,"Crime,Drama,Mystery","Crime"
"234","tt0149460","Futurama",7.63,393400,2459,13.3,"Adventure,Animation,Comedy","Adventure"
"235","tt1119644","Fringe",8.21,244663,2447,20,"Drama,Mystery,Sci-Fi","Drama"
"236","tt12306692","American Horror Stories",5.97,58602,2442,8,"Drama,Horror,Mystery","Horror"
"237","tt16358384","Tulsa King",7.88,46130,2428,9.5,"Crime,Drama","Crime"
"238","tt19854762","Hijack",7.66,16982,2426,7,"Drama,Thriller","Thriller"
"239","tt1442437","Modern Family",7.73,606151,2425,22.7,"Comedy,Drama,Romance","Comedy"
"240","tt18335752","1923",8.33,36227,2415,7.5,"Drama,Western","Western"
"241","tt0979432","Boardwalk Empire",8.41,135018,2411,11.2,"Crime,Drama","Crime"
"242","tt0106145","Star Trek: Deep Space Nine",7.48,414925,2398,24.7,"Action,Adventure,Drama","Action"
"243","tt7216636","Hazbin Hotel",8.17,21576,2397,8,"Animation,Comedy,Drama","Animation"
"244","tt0286486","The Shield",8.18,212291,2385,12.7,"Crime,Drama,Thriller","Crime"
"245","tt0072500","Fawlty Towers",8.75,28194,2350,6,"Comedy","Comedy"
"246","tt12749392","Sharpe",7.62,41847,2325,2.6,"Action,Adventure,Drama","Action"
"247","tt8714904","Narcos: Mexico",8.15,69455,2315,10,"Crime,Drama","Crime"
"248","tt5875444","Slow Horses",8.25,55186,2299,6,"Drama,Thriller","Thriller"
"249","tt0103359","Batman: The Animated Series",7.91,195155,2296,21.2,"Action,Adventure,Animation","Action"
"250","tt10638036","Heartstopper",8.75,54392,2266,8,"Drama,Romance","Drama"
"251","tt14261264","Dracula",8.4,36257,2266,16,"Comedy,Drama","Comedy"
"252","tt6517102","Castlevania",8.25,72372,2262,8,"Action,Adventure,Animation","Action"
"253","tt2531336","Lupin",7.61,38342,2255,5.7,"Action,Crime,Drama","Action"
"254","tt0367279","Arrested Development",8.04,189203,2252,16.8,"Comedy","Comedy"
"255","tt21279678","NCR Days",8.96,11188,2238,5,"Drama","Drama"
"256","tt0290978","The Office",8.31,31297,2236,4.7,"Comedy,Drama","Comedy"
"257","tt15561558","Comedy Central Roasts",7.04,37935,2231,17,"Comedy","Comedy"
"258","tt2375692","Black Sails",8.43,84133,2214,9.5,"Action,Adventure,Drama","Action"
"259","tt5607616","Re: Zero - Starting Life in Another World",8.57,146143,2214,22,"Adventure,Animation,Drama","Adventure"
"260","tt0118421","Oz",8.34,123800,2211,9.3,"Crime,Drama,Thriller","Crime"
"261","tt5555260","This Is Us",8.54,234020,2208,17.7,"Comedy,Drama,Romance","Comedy"
"262","tt14169960","All of Us Are Dead",7.73,26446,2204,12,"Action,Drama,Fantasy","Action"
"263","tt0094525","Poirot",7.65,153636,2195,5.4,"Crime,Drama,Mystery","Crime"
"264","tt6994156","Close Enough",8.53,52616,2192,8,"Action,Adventure,Animation","Action"
"265","tt5788792","The Marvelous Mrs. Maisel",8.38,93988,2186,8.6,"Comedy,Drama","Comedy"
"266","tt6048596","The Sinner",7.43,69535,2173,8,"Crime,Drama,Mystery","Crime"
"267","tt0112178","Star Trek: Voyager",7.32,364551,2170,24,"Action,Adventure,Drama","Action"
"268","tt4145054","Shadowhunters",8.15,119278,2169,18.3,"Action,Drama,Fantasy","Action"
"269","tt2372162","Orange Is the New Black",8.05,196441,2159,13,"Comedy,Crime,Drama","Comedy"
"270","tt5421602","Anne with an E",8.72,58187,2155,9,"Drama,Family","Drama"
"271","tt0407362","Battlestar Galactica",8.03,158965,2148,18.5,"Action,Adventure,Drama","Action"
"272","tt5232792","Lost in Space",7.64,59945,2141,9.3,"Adventure,Drama,Family","Adventure"
"273","tt0193676","Freaks and Geeks",8.69,38494,2139,18,"Comedy,Drama","Comedy"
"274","tt0096697","The Simpsons",7.13,1673664,2138,21.8,"Animation,Comedy","Animation"
"275","tt0976192","The Spectacular Spider-Man",8.74,55560,2137,13,"Action,Adventure,Animation","Action"
"276","tt10927414","Tajkun",7.71,21203,2120,10,"Action,Crime,Drama","Action"
"277","tt1740299","The Man in the High Castle",7.96,84162,2104,10,"Drama,Sci-Fi,Thriller","Thriller"
"278","tt0452046","Criminal Minds",7.68,722704,2101,20.2,"Crime,Drama,Mystery","Crime"
"279","tt22248376","Frieren: Beyond Journey's End",8.48,58706,2097,28,"Adventure,Animation,Comedy","Adventure"
"280","tt7520794","Russian Doll",7.53,31234,2082,7.5,"Comedy,Drama,Mystery","Comedy"
"281","tt1586680","Shameless",8.22,276049,2060,12.2,"Comedy,Drama","Comedy"
"282","tt2249364","Broadchurch",8.12,49147,2048,8,"Crime,Drama,Mystery","Crime"
"283","tt14824792","Ted",7.73,14329,2047,7,"Comedy","Comedy"
"284","tt7908628","What We Do in the Shadows",8.09,124860,2047,10.2,"Comedy,Fantasy,Horror","Comedy"
"285","tt0162065","Angel",8.07,226466,2040,22.2,"Action,Adventure,Drama","Action"
"286","tt1606375","Downton Abbey",8.31,106039,2039,8.7,"Drama,Romance","Drama"
"287","tt8427140","Into the Dark",5.68,48729,2030,12,"Drama,Fantasy,Horror","Drama"
"288","tt0096657","Mr. Bean",8.57,30386,2026,15,"Comedy,Family","Comedy"
"289","tt2188671","Bates Motel",8.38,100865,2017,10,"Drama,Horror,Mystery","Horror"
"290","tt6548228","Castle Rock",7.96,40275,2014,10,"Drama,Fantasy,Horror","Drama"
"291","tt0264235","Curb Your Enthusiasm",8.28,241337,2011,10,"Comedy","Comedy"
"292","tt11041332","Yellowjackets",7.61,58086,2003,9.7,"Drama,Mystery,Thriller","Thriller"
"293","tt9446688","I Am Not Okay with This",7.69,14020,2003,7,"Comedy,Drama,Fantasy","Comedy"
"294","tt14044212","Mr. & Mrs. Smith",7.39,15968,1996,8,"Action,Comedy,Crime","Action"
"295","tt6077448","Sacred Games",8.22,31733,1983,8,"Action,Crime,Drama","Action"
"296","tt8741290","Tales from the Loop",7.39,15855,1982,8,"Drama,Sci-Fi","Drama"
"297","tt8788458","The Promised Neverland",7.77,45476,1977,11.5,"Action,Adventure,Animation","Action"
"298","tt14186672","Landman",8.07,19732,1973,10,"Drama","Drama"
"299","tt1870479","The Newsroom",8.53,49184,1967,8.3,"Drama","Drama"
"300","tt1898069","American Gods",7.48,51103,1966,8.7,"Drama,Fantasy,Mystery","Drama"
"301","tt7423538","Ratched",7.64,15673,1959,8,"Crime,Drama,History","Crime"
"302","tt2294189","The Fall",7.85,33280,1958,5.7,"Crime,Drama,Thriller","Crime"
"303","tt1910272","Steins;Gate",8.44,48646,1946,25,"Animation,Comedy,Drama","Animation"
"304","tt14852808","The Watcher",7.03,13549,1936,7,"Drama,Horror,Mystery","Horror"
"305","tt0244365","Star Trek: Enterprise",7.48,189193,1931,24.5,"Action,Adventure,Drama","Action"
"306","tt7772588","For All Mankind",7.96,76781,1920,10,"Drama,Sci-Fi","Drama"
"307","tt4635276","Master of None",7.98,47982,1919,8.3,"Comedy,Drama","Comedy"
"308","tt2575988","Silicon Valley",8.15,101491,1915,8.8,"Comedy","Comedy"
"309","tt15716776","Devil May Cry",8.14,15263,1908,8,"Action,Adventure,Animation","Action"
"310","tt4016454","Supergirl",7.37,239284,1899,21,"Action,Adventure,Drama","Action"
"311","tt0348914","Deadwood",8.32,68018,1889,12,"Crime,Drama,History","Crime"
"312","tt1305826","Adventure Time",7.97,526993,1889,27.9,"Action,Adventure,Animation","Action"
"313","tt15669534","Tales of the Walking Dead",6.13,11296,1883,6,"Drama,Fantasy,Horror","Drama"
"314","tt31938062","The Pitt",8.81,27726,1848,15,"Drama","Drama"
"315","tt2149175","The Americans",8.24,138395,1845,12.5,"Crime,Drama,Mystery","Crime"
"316","tt5626028","My Hero Academia",8.14,293941,1837,22.9,"Action,Adventure,Animation","Action"
"317","tt1405406","The Vampire Diaries",8.25,311147,1820,21.4,"Drama,Fantasy,Horror","Drama"
"318","tt7440726","Your Honor",7.71,36172,1809,10,"Crime,Drama,Thriller","Crime"
"319","tt1734537","Marple",7.25,41565,1807,3.8,"Crime,Drama,Mystery","Crime"
"320","tt9348692","Criminal: UK",8.11,12635,1805,3.5,"Crime,Drama,Mystery","Crime"
"321","tt0489974","Carnival Row",7.54,32453,1803,9,"Crime,Drama,Fantasy","Crime"
"322","tt33098983","The On1y One",9.28,21509,1792,12,"Drama,Romance","Drama"
"323","tt16027074","Your Friendly Neighborhood Spider-Man",7.79,17830,1783,10,"Action,Adventure,Animation","Action"
"324","tt15677150","Shrinking",8.1,39187,1781,11,"Comedy,Drama","Comedy"
"325","tt3205802","How to Get Away with Murder",8.31,160329,1781,15,"Crime,Drama,Mystery","Crime"
"326","tt3489184","Constantine",7.96,23150,1781,13,"Crime,Drama,Fantasy","Crime"
"327","tt9612516","Space Force",6.97,29921,1760,8.5,"Comedy","Comedy"
"328","tt2674806","Inside No. 9",7.6,96665,1758,6.1,"Comedy,Crime,Drama","Comedy"
"329","tt1489428","Justified",8.36,136783,1754,13,"Action,Crime,Drama","Action"
"330","tt2741602","The Blacklist",7.83,382262,1753,21.8,"Crime,Drama,Mystery","Crime"
"331","tt4532368","DC's Legends of Tomorrow",7.87,192480,1750,15.7,"Action,Adventure,Drama","Action"
"332","tt8317568","Broken But Beautiful",8.79,54237,1750,10.3,"Drama,Romance","Drama"
"333","tt3526078","Schitt's Creek",7.97,139263,1741,13.3,"Comedy","Comedy"
"334","tt7569592","Chilling Adventures of Sabrina",7.73,62639,1740,9,"Drama,Fantasy,Horror","Drama"
"335","tt1196946","The Mentalist",7.98,260041,1722,21.6,"Crime,Drama,Mystery","Crime"
"336","tt8226360","A League of Their Own",8.3,13688,1711,8,"Comedy,Drama,Sport","Comedy"
"337","tt14681596","Batman: Caped Crusader",7.62,17025,1702,10,"Action,Adventure,Animation","Action"
"338","tt0994314","Code Geass",8.38,84940,1699,25,"Action,Animation,Drama","Action"
"339","tt14153790","Velma",3.31,35637,1697,10.5,"Adventure,Animation,Comedy","Adventure"
"340","tt3960394","Interview with the Vampire",8.39,25453,1697,7.5,"Drama,Fantasy,Horror","Drama"
"341","tt0844441","True Blood",7.89,137140,1693,11.6,"Drama,Fantasy,Mystery","Drama"
"342","tt27995113","Black Doves",7.48,10106,1684,6,"Action,Drama,Mystery","Action"
"343","tt12004706","Panchayat",8.57,40357,1682,8,"Comedy,Drama","Comedy"
"344","tt0182576","Family Guy",7.03,725477,1668,18.9,"Animation,Comedy","Animation"
"345","tt17491088","The Diplomat",8.06,22837,1631,7,"Drama,Thriller","Thriller"
"346","tt4604612","The Alienist",7.92,29339,1630,9,"Crime,Drama,Mystery","Crime"
"347","tt8416494","Doom Patrol",7.81,74921,1629,11.5,"Action,Adventure,Comedy","Action"
"348","tt5511582","Timeless",8.11,43891,1626,13.5,"Action,Adventure,Drama","Action"
"349","tt8690918","Resident Alien",7.67,54848,1613,11.3,"Comedy,Drama,Mystery","Comedy"
"350","tt14899624","Another Self",9.24,25576,1598,8,"Drama,Romance","Drama"
"351","tt1843230","Once Upon a Time",7.98,245173,1572,22.3,"Adventure,Fantasy,Romance","Adventure"
"352","tt13365348","Archive 81",7.49,12474,1559,8,"Drama,Horror,Mystery","Horror"
"353","tt11192306","Superman & Lois",8.08,82138,1550,13.2,"Action,Adventure,Drama","Action"
"354","tt11247158","The Legend of Vox Machina",8.53,55781,1549,12,"Action,Adventure,Animation","Action"
"355","tt11639414","The Midnight Gospel",8.26,12336,1542,8,"Adventure,Animation,Comedy","Adventure"
"356","tt11311302","Vikings: Valhalla",7.56,36738,1531,8,"Action,Adventure,Drama","Action"
"357","tt0312172","Monk",7.95,189635,1529,15.5,"Comedy,Crime,Drama","Comedy"
"358","tt0813715","Heroes",7.63,119245,1529,19.5,"Crime,Drama,Fantasy","Crime"
"359","tt2234222","Orphan Black",8.33,76450,1529,10,"Drama,Sci-Fi,Thriller","Thriller"
"360","tt1567432","Teen Wolf",8.44,152430,1524,16.7,"Action,Drama,Fantasy","Action"
"361","tt3007572","Locke & Key",7.33,42554,1520,9.3,"Drama,Fantasy,Horror","Drama"
"362","tt2618986","Wayward Pines",7.55,30350,1518,10,"Drama,Horror,Mystery","Horror"
"363","tt4834206","A Series of Unfortunate Events",8.04,37618,1505,8.3,"Adventure,Comedy,Drama","Adventure"
"364","tt2303687","Line of Duty",8.38,54058,1502,6,"Crime,Drama,Mystery","Crime"
"365","tt8760932","Nine Perfect Strangers",7.2,11902,1488,8,"Drama,Mystery,Thriller","Thriller"
"366","tt10293938","Outer Banks",7.81,59253,1481,10,"Action,Crime,Drama","Action"
"367","tt5296406","Designated Survivor",7.39,78505,1481,17.7,"Action,Drama,Mystery","Action"
"368","tt5897304","Mob Psycho 100",8.49,54558,1475,12.3,"Action,Animation,Comedy","Action"
"369","tt1267295","Cowboy Bebop",6.84,14718,1472,10,"Action,Adventure,Comedy","Action"
"370","tt13293588","Mushoku Tensei: Jobless Reincarnation",8.04,71672,1463,24,"Action,Adventure,Animation","Action"
"371","tt0285331","24",8.32,280426,1461,24,"Action,Crime,Drama","Action"
"372","tt8064302","Dead to Me",7.94,43666,1456,10,"Comedy,Crime,Drama","Comedy"
"373","tt3502248","Bosch",8.41,98949,1455,9.7,"Crime,Drama","Crime"
"374","tt3061046","Steven Universe",8.17,225377,1454,31,"Action,Adventure,Animation","Action"
"375","tt4878326","Wynonna Earp",8.45,71182,1453,12.2,"Action,Drama,Fantasy","Action"
"376","tt2544148","20 Dakika",9.67,36173,1447,25,"Action,Drama,Romance","Action"
"377","tt5743796","Warrior",8.42,43350,1445,10,"Action,Crime,Drama","Action"
"378","tt4154858","Inhumans",6.03,11549,1444,8,"Action,Adventure,Sci-Fi","Action"
"379","tt5651844","Travelers",8.12,49056,1443,11.3,"Drama,Mystery,Sci-Fi","Drama"
"380","tt5774002","Jupiter's Legacy",7.11,11545,1443,8,"Action,Adventure,Drama","Action"
"381","tt21975436","Kaiju No. 8",8.47,17284,1440,12,"Action,Adventure,Animation","Action"
"382","tt1219024","Castle",8.09,248601,1437,21.6,"Comedy,Crime,Drama","Comedy"
"383","tt0934814","Chuck",8.35,129749,1426,18.2,"Action,Comedy,Drama","Action"
"384","tt7120662","Derry Girls",8.19,27071,1425,6.3,"Comedy","Comedy"
"385","tt10231312","Inside Job",7.86,25629,1424,9,"Adventure,Animation,Comedy","Adventure"
"386","tt1327801","Glee",7.92,172133,1423,20.2,"Comedy,Drama,Music","Comedy"
"387","tt8050756","The Owl House",8.58,60793,1414,14.3,"Action,Adventure,Animation","Action"
"388","tt7569576","The Flight Attendant",7.36,22574,1411,8,"Comedy,Drama,Mystery","Comedy"
"389","tt7671598","Messiah",7.55,14095,1410,10,"Drama,Mystery,Thriller","Thriller"
"390","tt2359704","JoJo's Bizarre Adventure",8.27,267611,1408,38,"Action,Adventure,Animation","Action"
"391","tt6226232","Young Sheldon",7.59,197944,1404,20.1,"Comedy","Comedy"
"392","tt13706018","Spy x Family",7.91,51760,1399,18.5,"Action,Animation,Comedy","Action"
"393","tt1486217","Archer",7.89,199845,1398,10.2,"Action,Animation,Comedy","Action"
"394","tt16418808","Sugar",7.62,11173,1397,8,"Crime,Drama,Mystery","Crime"
"395","tt0907683","Beck",6.07,71107,1394,5.1,"Crime,Mystery,Thriller","Crime"
"396","tt2701582","Endeavour",8.27,50017,1389,4,"Crime,Drama,Mystery","Crime"
"397","tt3487382","Forever",8.45,30513,1387,22,"Crime,Drama,Fantasy","Crime"
"398","tt1636691","Generator Rex",8.66,81651,1384,19.7,"Action,Adventure,Animation","Action"
"399","tt15358446","Dead Boy Detectives",7.9,11045,1381,8,"Action,Adventure,Comedy","Action"
"400","tt2632424","The Originals",8.59,125510,1364,18.4,"Drama,Fantasy,Horror","Drama"
"401","tt0445114","Extras",8.21,17707,1362,6.5,"Comedy,Drama","Comedy"
"402","tt9737326","Invasion",6.74,27143,1357,10,"Drama,Fantasy,Sci-Fi","Drama"
"403","tt0285403","Scrubs",7.99,245598,1349,20.2,"Comedy,Drama","Comedy"
"404","tt8421350","Manifest",7.46,83567,1348,15.5,"Drama,Mystery,Sci-Fi","Drama"
"405","tt0279600","Smallville",8.04,292206,1347,21.7,"Action,Adventure,Drama","Action"
"406","tt0369179","Two and a Half Men",7.29,353024,1347,21.8,"Comedy,Romance","Comedy"
"407","tt1637727","The Killing",8.12,58600,1332,11,"Crime,Drama,Mystery","Crime"
"408","tt0318871","Berserk",8.18,33226,1329,25,"Action,Adventure,Animation","Action"
"409","tt2654620","The Strain",7.85,60790,1322,11.5,"Drama,Fantasy,Horror","Drama"
"410","tt13444912","The Midnight Club",7.28,13176,1318,10,"Drama,Horror,Mystery","Horror"
"411","tt8712204","Batwoman",6.34,67211,1318,17,"Action,Adventure,Crime","Action"
"412","tt0118480","Stargate SG-1",7.73,280242,1316,21.3,"Action,Adventure,Drama","Action"
"413","tt16288804","Berlin",7.16,10477,1310,8,"Action,Crime,Drama","Action"
"414","tt2177461","A Discovery of Witches",7.92,32746,1310,8.3,"Drama,Fantasy,Romance","Drama"
"415","tt1553656","Under the Dome",6.85,50862,1304,13,"Drama,Mystery,Sci-Fi","Drama"
"416","tt13675832","As If",7.97,79161,1298,10.2,"Comedy","Comedy"
"417","tt7745956","She-Ra and the Princesses of Power",8.32,67432,1297,10.4,"Action,Adventure,Animation","Action"
"418","tt22074164","Jury Duty",7.96,10349,1294,8,"Comedy","Comedy"
"419","tt6162588","Brave and Beautiful",9.69,41398,1294,32,"Drama,Romance","Drama"
"420","tt3921180","Scream: The TV Series",7.25,37505,1293,9.7,"Comedy,Crime,Drama","Comedy"
"421","tt0491738","Psych",8.21,154849,1290,15,"Comedy,Crime,Mystery","Comedy"
"422","tt2887954","Tokyo Vice",8.03,23226,1290,9,"Crime,Drama,Thriller","Crime"
"423","tt7587890","The Rookie",7.64,156881,1286,17.4,"Action,Crime,Drama","Action"
"424","tt0086661","The Adventures of Sherlock Holmes",8.08,16706,1285,6.5,"Crime,Drama,Mystery","Crime"
"425","tt7456722","Hunters",7.64,23058,1281,9,"Crime,Drama,Mystery","Crime"
"426","tt14923244","The Winchesters",6.88,16489,1268,13,"Action,Adventure,Drama","Action"
"427","tt6470478","The Good Doctor",7.85,159755,1268,18,"Drama","Drama"
"428","tt1826940","New Girl",7.59,184790,1266,20.9,"Comedy,Romance","Comedy"
"429","tt13064902","FUBAR",6.95,10072,1259,8,"Action,Adventure,Comedy","Action"
"430","tt10332508","Primal",8.66,25164,1258,10,"Action,Adventure,Animation","Action"
"431","tt5420376","Riverdale",6.95,172167,1257,19.6,"Crime,Drama,Mystery","Crime"
"432","tt1220617","The Inbetweeners",8.22,22615,1256,6,"Comedy","Comedy"
"433","tt10826054","Masters of the Universe: Revelation",6.85,12532,1253,5,"Action,Adventure,Animation","Action"
"434","tt8210856","Cursed",6.78,12466,1247,10,"Adventure,Drama,Fantasy","Adventure"
"435","tt7658402","Harley Quinn",7.94,70549,1238,11.4,"Action,Adventure,Animation","Action"
"436","tt3428912","Happy Valley",8.41,22262,1237,6,"Crime,Drama,Thriller","Crime"
"437","tt4422836","Limitless",7.92,26988,1227,22,"Comedy,Crime,Drama","Comedy"
"438","tt2384811","Utopia",8.42,14694,1224,6,"Drama,Mystery,Sci-Fi","Drama"
"439","tt14261112","Twisted Metal",7.46,12168,1217,10,"Action,Adventure,Comedy","Action"
"440","tt26933824","Nobody Wants This",7.78,12172,1217,10,"Comedy,Romance","Comedy"
"441","tt2891574","Ballers",7.79,56880,1210,9.4,"Comedy,Drama,Sport","Comedy"
"442","tt4047038","Dirk Gently's Holistic Detective Agency",8.08,21788,1210,9,"Action,Adventure,Comedy","Action"
"443","tt1830617","Grimm",8.21,147852,1202,20.5,"Crime,Drama,Fantasy","Crime"
"444","tt13819960","And Just Like That...",6.73,25225,1201,10.5,"Comedy,Drama,Romance","Comedy"
"445","tt6156584","Snowpiercer",7.09,48030,1201,10,"Action,Drama,Sci-Fi","Action"
"446","tt0413573","Grey's Anatomy",7.9,534039,1200,21.2,"Drama,Romance","Drama"
"447","tt3148266","12 Monkeys",8.38,56179,1195,11.8,"Adventure,Drama,Mystery","Adventure"
"448","tt5368542","The Exorcist",8.04,23880,1194,10,"Drama,Horror,Mystery","Horror"
"449","tt12809988","Sweet Tooth",7.54,28434,1185,8,"Action,Adventure,Drama","Action"
"450","tt1759761","Veep",8.19,76919,1183,9.3,"Comedy","Comedy"
"451","tt10691770","Helluva Boss",8.05,24776,1180,10.5,"Action,Animation,Comedy","Action"
"452","tt8068860","Servant",7.62,47086,1177,10,"Drama,Horror,Mystery","Horror"
"453","tt0904208","Californication",7.85,98767,1176,12,"Comedy,Drama","Comedy"
"454","tt7668518","The Protector",6.91,37521,1173,8,"Action,Adventure,Drama","Action"
"455","tt6315640","Atypical",8.1,44405,1169,9.5,"Comedy,Drama","Comedy"
"456","tt4406178","The Gilded Age",8.21,19800,1165,8.5,"Drama","Drama"
"457","tt0484803","Hollyoaks: Let Loose",7.34,16274,1162,14,"Drama,Romance","Drama"
"458","tt11712058","Mayor of Kingstown",8.03,34706,1157,10,"Crime,Drama,Thriller","Crime"
"459","tt4477976","Superstore",7.68,130728,1157,18.8,"Comedy","Comedy"
"460","tt11685912","Outer Range",7.4,17347,1156,7.5,"Drama,Mystery,Thriller","Thriller"
"461","tt22091076","High Potential",7.72,14922,1148,13,"Crime,Drama,Mystery","Crime"
"462","tt5770786","GLOW",7.96,34450,1148,10,"Comedy,Drama,Sport","Comedy"
"463","tt14664414","Young Royals",8.4,20641,1147,6,"Drama,Romance","Drama"
"464","tt11006642","Walker",8.32,78953,1144,17.2,"Action,Crime,Drama","Action"
"465","tt1236246","Runaways",7.38,37701,1142,11,"Action,Drama,Sci-Fi","Action"
"466","tt13911284","Hell's Paradise: Jigokuraku",8.32,14814,1140,13,"Action,Adventure,Animation","Action"
"467","tt4270492","Billions",7.83,95173,1133,12,"Drama","Drama"
"468","tt3895150","Your Lie in April",8.44,24817,1128,22,"Animation,Comedy,Drama","Animation"
"469","tt13833978","The Lincoln Lawyer",7.84,33769,1126,10,"Crime,Drama,Mystery","Crime"
"470","tt15248880","Adventure Time: Fionna & Cake",8.98,11241,1124,10,"Action,Adventure,Animation","Action"
"471","tt5363918","Disenchantment",7.34,55900,1118,10,"Action,Adventure,Animation","Action"
"472","tt11815682","Hacks",8.3,33494,1116,7.5,"Comedy,Drama","Comedy"
"473","tt2189461","Marco Polo",7.91,22320,1116,10,"Action,Adventure,Drama","Action"
"474","tt9184820","Star Trek: Lower Decks",7.75,55482,1110,10,"Action,Adventure,Animation","Action"
"475","tt9432978","Kota Factory",8.63,16654,1110,5,"Comedy,Drama","Comedy"
"476","tt4396630","The Gifted",7.67,31665,1092,14.5,"Action,Drama,Fantasy","Action"
"477","tt8962124","Emily in Paris",7.06,43440,1086,10,"Comedy,Drama,Romance","Comedy"
"478","tt0851851","Terminator: The Sarah Connor Chronicles",7.67,33383,1077,15.5,"Action,Drama,Fantasy","Action"
"479","tt1051220","The Shannara Chronicles",7.6,21402,1070,10,"Adventure,Drama,Fantasy","Adventure"
"480","tt0374455","Stargate: Atlantis",7.77,105715,1068,19.8,"Action,Adventure,Drama","Action"
"481","tt0460627","Bones",7.73,261726,1068,20.4,"Crime,Drama,Mystery","Crime"
"482","tt12451520","It's Okay to Not Be Okay",8.69,16992,1062,16,"Comedy,Drama,Romance","Comedy"
"483","tt4687880","Goliath",7.71,33953,1061,8,"Drama","Drama"
"484","tt0106004","Frasier",7.91,277268,1054,23.9,"Comedy","Comedy"
"485","tt0387199","Entourage",8.19,100718,1049,12,"Comedy,Drama","Comedy"
"486","tt8633062","The Wilds",7.67,18836,1046,9,"Adventure,Drama,Mystery","Adventure"
"487","tt22014226","Taaza Khabar",7.79,12532,1044,6,"Action,Comedy,Drama","Action"
"488","tt9251798","Ragnarok",7.04,18775,1043,6,"Action,Drama,Fantasy","Action"
"489","tt1178618","Wallander",7.38,12490,1041,3,"Crime,Drama,Mystery","Crime"
"490","tt1733785","The Bridge",8.11,39570,1041,9.5,"Crime,Mystery,Thriller","Crime"
"491","tt26471411","When Life Gives You Tangerines",8.95,16521,1033,16,"Drama,History,Romance","Drama"
"492","tt2191671","Elementary",7.83,158671,1030,22,"Crime,Drama,Mystery","Crime"
"493","tt2249007","Ray Donovan",8.2,84435,1030,11.7,"Crime,Drama","Crime"
"494","tt2077823","Perry Mason",7.93,16450,1028,8,"Crime,Drama,History","Crime"
"495","tt7134908","Elite",7.02,65772,1028,8,"Crime,Drama,Thriller","Crime"
"496","tt0187664","Spaced",8.21,14341,1024,7,"Comedy","Comedy"
"497","tt7255502","The Kominsky Method",7.94,22338,1015,7.3,"Comedy,Drama","Comedy"
"498","tt8879940","Mythic Quest",7.67,40613,1015,10,"Comedy","Comedy"
"499","tt0063929","Monty Python's Flying Circus",7.93,45554,1012,11.2,"Comedy","Comedy"
"500","tt3142876","Lovebird",9.02,30355,1012,30,"Drama,History,Romance","Drama"
